smiles,Label
[H]Oc1c([H])c([H])c(/C([H])=C2/C(=O)c3c([H])c([H])c(OC([H])([H])[H])c([H])c3OC2([H])[H])c([H])c1[H],0.0
[H]Oc1c([H])c([H])c(/C([H])=C2/C(=O)c3c([H])c([H])c(O[H])c([H])c3OC2([H])[H])c([H])c1[H],0.0
[H]/C(=C1\C(=O)c2c([H])c([H])c(OC([H])([H])[H])c([H])c2OC1([H])[H])c1c([H])c([H])c([H])c([H])c1OC([H])([H])[H],0.0
[H]/C(=C1\C(=O)c2c([H])c([H])c(OC([H])([H])[H])c([H])c2OC1([H])[H])c1c([H])c([H])c([H])c(OC([H])([H])[H])c1[H],0.0
[H]/C(=C1\C(=O)c2c([H])c([H])c(OC([H])([H])[H])c([H])c2OC1([H])[H])c1c([H])c([H])c(OC([H])([H])[H])c([H])c1[H],0.0
[H]C([H])([H])n1c(=O)c2c(nc(SC(=S)N3C([H])([H])C([H])([H])C([H])([H])C3([H])[H])n2C([H])([H])[H])n(C([H])([H])[H])c1=O,1.0
[H]C([H])([H])n1c(=O)c2c(nc(SC([H])(C([H])([H])[H])C([H])([H])[H])n2C([H])([H])[H])n(C([H])([H])[H])c1=O,1.0
[H]Oc1c([H])c([H])c(OC([H])([H])[H])c(-c2nc3c([H])c(O[H])c([H])c([H])c3n2[H])c1[H],1.0
[H]Oc1c([H])c([H])c2c(nc(-c3c([H])c([H])c(OC([H])([H])[H])c([H])c3OC([H])([H])[H])n2[H])c1[H],1.0
[H]Oc1c([H])c(O[H])c([H])c(-c2nc3c([H])c(O[H])c([H])c([H])c3n2[H])c1[H],1.0
[H]Oc1c([H])c([H])c(-c2nc3c([H])c(O[H])c([H])c([H])c3n2[H])c([H])c1O[H],1.0
[H]Oc1c([H])c([H])c(-c2nc3c([H])c(O[H])c([H])c([H])c3n2[H])c([H])c1[H],1.0
[H]Oc1c([H])c([H])c([H])c(-c2nc3c([H])c(O[H])c([H])c([H])c3n2[H])c1[H],1.0
[H]Oc1c([H])c([H])c([H])c([H])c1-c1nc2c([H])c(O[H])c([H])c([H])c2n1[H],1.0
[H]Oc1c([H])c([H])c2c(nc(-c3c([H])c([H])c([H])c([H])c3[H])n2[H])c1[H],1.0
[H]c1c([H])c(C(=O)O[C@@]([H])(c2c([H])c([H])c3c(c2[H])OC([H])([H])O3)[C@@]([H])(C(=O)C([H])([H])[H])C([H])([H])[H])c([H])c(OC([H])([H])[H])c1OC([H])([H])[H],0.0
[H]c1c([H])c(C(=O)O[C@@]([H])(c2c([H])c([H])c(OC([H])([H])[H])c(OC([H])([H])[H])c2[H])[C@@]([H])(C(=O)C([H])([H])[H])C([H])([H])[H])c([H])c2c1OC([H])([H])O2,0.0
[H]OC([H])([H])[C@]([H])(C([H])([H])c1c([H])c([H])c2c(c1[H])OC([H])([H])O2)[C@]([H])(C([H])([H])O[C@]1([H])O[C@]([H])(C([H])([H])O[C@]2([H])O[C@@]([H])(C([H])([H])O[H])[C@]([H])(O[H])[C@@]2([H])O[H])[C@@]([H])(O[H])[C@]([H])(O[H])[C@@]1([H])O[H])C([H])([H])c1c([H])c([H])c2c(c1[H])OC([H])([H])O2,0.0
[H]OC([H])([H])[C@]([H])(C([H])([H])c1c([H])c([H])c2c(c1[H])OC([H])([H])O2)[C@]([H])(C([H])([H])O[C@]1([H])O[C@]([H])(C([H])([H])O[H])[C@@]([H])(O[H])[C@]([H])(O[H])[C@@]1([H])O[H])C([H])([H])c1c([H])c([H])c2c(c1[H])OC([H])([H])O2,0.0
[H]c1c([H])c(C([H])([H])[C@]([H])(C([H])([H])[H])[C@]([H])(C([H])([H])[H])C([H])([H])c2c([H])c([H])c(OC([H])([H])[H])c(OC([H])([H])[H])c2[H])c([H])c2c1OC([H])([H])O2,0.0
[H]c1c([H])c([C@@]2([H])c3c([H])c4c(c([H])c3C([H])([H])[C@@]([H])(C([H])([H])[H])[C@]2([H])C([H])([H])[H])OC([H])([H])O4)c([H])c(OC([H])([H])[H])c1OC([H])([H])[H],0.0
[H]c1c([H])c([C@@]2([H])O[C@]([H])(c3c([H])c([H])c(OC([H])([H])[H])c(OC([H])([H])[H])c3[H])[C@]([H])(C([H])([H])[H])[C@]2([H])C([H])([H])[H])c([H])c2c1OC([H])([H])O2,0.0
[H]c1c([H])c([C@@]2([H])O[C@]([H])(c3c([H])c([H])c4c(c3[H])OC([H])([H])O4)[C@]([H])(C([H])([H])[H])[C@]2([H])C([H])([H])[H])c([H])c2c1OC([H])([H])O2,0.0
[H]/C(C(=C1C(=O)N([H])C(=O)N([H])C1=O)c1c([H])c([H])c([H])c([H])c1[H])=C(/[H])c1c([H])n([H])c2c([H])c([H])c([H])c([H])c12,1.0
[H]/C(C(=C1C(=O)N([H])C(=O)N([H])C1=O)c1c([H])c([H])c(Cl)c([H])c1[H])=C(/[H])c1c([H])n([H])c2c([H])c([H])c([H])c([H])c12,1.0
[H]/C(C(=C1C(=O)N([H])C(=O)N([H])C1=O)c1c([H])c([H])c(C([H])([H])[H])c([H])c1[H])=C(/[H])c1c([H])n([H])c2c([H])c([H])c([H])c([H])c12,1.0
[H]OC([H])([H])C1([H])OC(C([H])([H])[H])(C([H])([H])[H])OC1([H])[H],0.0
[H]c1c([H])c([H])c(SC([H])([H])C2([H])OC(C([H])([H])[H])(C([H])([H])[H])OC2([H])[H])c([H])c1[H],0.0
CC1(C)OCC(C[Se]c2ccccc2)O1,0.0
CC1(C)OCC(C[Te]c2ccccc2)O1,1.0
[H]O[C@@]1([H])[C@@]([H])(O[H])[C@]([H])(Oc2c([H])c([H])c([H])c3c2C(=O)c2c([H])c([H])c4c([H])c(C([H])([H])[H])c([H])c(O[C@]5([H])O[C@@]([H])(C([H])([H])[H])[C@]([H])(O[H])[C@@]([H])(O[H])[C@@]5([H])O[H])c4c2C3=O)O[C@@]([H])(C([H])([H])[H])[C@]1([H])O[H],1.0
[H]Oc1c2c(c3c(O[C@]4([H])O[C@@]([H])(C([H])([H])[H])[C@]([H])(O[H])[C@@]([H])(O[H])[C@@]4([H])O[H])c([H])c(C([H])([H])[H])c([H])c3c1[H])C(=O)c1c([H])c([H])c([H])c(O[C@]3([H])O[C@@]([H])(C([H])([H])[H])[C@]([H])(O[H])[C@@]([H])(O[H])[C@@]3([H])O[H])c1C2=O,1.0
[H]c1c([H])c([H])c(-c2oc3c([H])c([H])c([H])c([H])c3c(=O)c2[H])c([H])c1[H],0.0
[H]c1nc2c([H])c([H])c([H])c([H])c2c([H])c1[H],0.0
[H]Oc1c([H])c([H])nc2c([H])c([H])c([H])c([H])c12,0.0
[H]Oc1c([H])c([H])c([H])c2c([H])c([H])c([H])nc12,0.0
[H]Oc1c([H])c([H])c2oc(-c3c([H])c([H])c([H])c([H])c3[H])c([H])c(=O)c2c1[H],0.0
[H]Oc1c([H])c([H])c2c(=O)c([H])c(-c3c([H])c([H])c([H])c([H])c3[H])oc2c1[H],0.0
[H]Oc1c([H])c(-c2c([H])c([H])c([H])c([H])c2[H])nc2c([H])c([H])c([H])c([H])c12,0.0
[H]Oc1c([H])c([H])c2nc(-c3c([H])c([H])c([H])c([H])c3[H])c([H])c(O[H])c2c1[H],0.0
[H]Oc1c([H])c([H])c2c(O[H])c([H])c(-c3c([H])c([H])c([H])c([H])c3[H])nc2c1[H],0.0
[H]Oc1c([H])c([H])c([H])c2c(O[H])c([H])c(-c3c([H])c([H])c([H])c([H])c3[H])nc12,0.0
CCCC[Te]c1cccc(C(C)N)c1,1.0
CCCC[Te]c1ccc(C(C)N)cc1,1.0
CCCC[Te]c1cccc(/C(C)=N/O)c1,1.0
CCCC[Te]c1ccc(/C(C)=N/O)cc1,1.0
CCCCNC(C)c1ccc([Te]CCCC)cc1,0.0
CCCC[Te]c1ccc(C(C)NCC(C)C)cc1,0.0
CCCC[Te]c1ccc(C(C)NCc2ccccc2)cc1,0.0
C/C(=N\O)c1ccc([Te]CCCO)cc1,0.0
[H]Oc1c([H])c([H])c(/C([H])=C(\[H])c2c([H])c(O[H])c([H])c(O[H])c2[H])c([H])c1[H],1.0
[H]/C(=C(/[H])c1c([H])c([H])c(N(C([H])([H])[H])C([H])([H])[H])c([H])c1[H])c1c([H])c([H])c([H])c([H])c1[H],1.0
[H]Oc1c([H])c([H])c(/C([H])=C(\[H])c2c([H])c([H])c(OC([H])([H])[H])c([H])c2[H])c([H])c1O[H],1.0
[H]Oc1c([H])c([H])c([H])c(/C([H])=C(\[H])c2c([H])c([H])c(OC([H])([H])[H])c([H])c2[H])c1O[H],1.0
[H]/C(=C(/[H])c1c([H])c([H])c([H])c(OC([H])([H])[H])c1[H])c1c([H])c([H])c(OC([H])([H])[H])c([H])c1[H],0.0
[H]/C(=C(/[H])c1c([H])c([H])c2c([H])c([H])c([H])c([H])c2c1[H])c1c([H])c([H])c([H])c([H])c1[H],0.0
[H]/C(=C(/[H])c1c([H])c([H])c(C([H])([H])[H])c([H])c1[H])c1c([H])c([H])c(OC([H])([H])[H])c([H])c1[H],0.0
[H]/C(=C(/[H])c1c([H])c([H])c([H])c(C([H])([H])[H])c1[H])c1c([H])c([H])c(OC([H])([H])[H])c([H])c1[H],0.0
[H]/C(=C(/[H])c1c([H])c([H])c([H])c([H])c1Cl)c1c([H])c([H])c(OC([H])([H])[H])c([H])c1[H],0.0
[H]/C(=C(/[H])c1c([H])c([H])c([H])c(F)c1[H])c1c([H])c([H])c(OC([H])([H])[H])c([H])c1[H],0.0
[H]/C(=C(/[H])c1c([H])c([H])c([H])c(Cl)c1[H])c1c([H])c([H])c(OC([H])([H])[H])c([H])c1[H],0.0
[H]/C(=C(/[H])c1c([H])c([H])c([H])c([H])c1F)c1c([H])c([H])c(OC([H])([H])[H])c([H])c1[H],0.0
[H]/C(=C(/[H])c1c([H])c([H])c(OC([H])([H])C([H])([H])[H])c([H])c1[H])c1c([H])c([H])c([H])c([H])c1[H],0.0
[H]Oc1c([H])c([H])c(C([H])([H])C([H])([H])O[H])c([H])c1O[H],1.0
[H]c1c([H])c(C([H])([H])C([H])([H])OC(=O)C([H])([H])[H])c([H])c(OC(=O)C([H])([H])[H])c1OC(=O)C([H])([H])[H],0.0
[H]Oc1c([H])c([H])c(C(=O)c2c([H])c([H])c3c(sc(=O)n3[H])c2[H])c([H])c1[H],0.0
[H]c1c(OC([H])([H])[H])c(OC([H])([H])OC([H])([H])C([H])([H])[H])c(OC([H])([H])[H])c([H])c1C(=O)O[C@]([H])(C([H])([H])[H])[C@@]1([H])C(=O)N(SC([H])([H])[H])[C@]1([H])OC(=O)C([H])([H])[H],0.0
[H]C([H])([H])SN1C(=O)C([H])([H])C1([H])SC(=O)C([H])([H])[H],0.0
[H]N1C(=O)C([H])([H])C1([H])SC(=O)C([H])([H])[H],0.0
[H]O[C@]([H])(C([H])([H])[H])[C@@]1([H])C(=O)N(SC([H])([H])[H])[C@]1([H])SC(=O)C([H])([H])[H],0.0
[H]C([H])([H])SN1C(=O)C([H])([H])[C@]1([H])OC(=O)C([H])([H])[H],0.0
[H]O[C@]([H])(C([H])([H])[H])[C@@]1([H])C(=O)N(SC([H])([H])[H])[C@]1([H])OC(=O)C([H])([H])[H],0.0
[H]C1=C(c2c([H])c([H])c([H])c([H])c2[H])Oc2nc([H])n([H])c(=O)c2C1([H])c1c(-c2c([H])c([H])c([H])c([H])c2[H])n([H])c2c([H])c([H])c(C([H])([H])[H])c([H])c12,1.0
[H]C1=C(c2c([H])c([H])c(C([H])([H])[H])c([H])c2[H])Oc2c(c(N([H])[H])nn2[H])C1([H])c1c(-c2c([H])c([H])c([H])c([H])c2[H])n([H])c2c([H])c([H])c(Cl)c([H])c12,1.0
[H]C1=C(c2c([H])c([H])c(Cl)c([H])c2[H])Oc2c(c(N([H])[H])nn2[H])C1([H])c1c(-c2c([H])c([H])c([H])c([H])c2[H])n([H])c2c([H])c([H])c(Cl)c([H])c12,1.0
[H]C1=C(c2c([H])c([H])c(C([H])([H])[H])c([H])c2[H])OC(N([H])[H])=C(C#N)C1([H])c1c(-c2c([H])c([H])c([H])c([H])c2[H])n([H])c2c([H])c([H])c([H])c([H])c12,1.0
[H]C1=C(c2c([H])c([H])c(Cl)c([H])c2[H])Oc2c(c(N([H])[H])nn2[H])C1([H])c1c(-c2c([H])c([H])c([H])c([H])c2[H])n([H])c2c([H])c([H])c([H])c([H])c12,1.0
[H]C1=C(c2c([H])c([H])c(Cl)c([H])c2[H])Oc2c(c(N([H])[H])nc(=O)n2[H])C1([H])c1c(-c2c([H])c([H])c([H])c([H])c2[H])n([H])c2c([H])c([H])c(Cl)c([H])c12,1.0
[H]C1=C(c2c([H])c([H])c(Cl)c([H])c2[H])Oc2nc3oc(=O)c(C#N)c(N([H])[H])c3c(N([H])[H])c2C1([H])c1c(-c2c([H])c([H])c([H])c([H])c2[H])n([H])c2c([H])c([H])c(Cl)c([H])c12,1.0
[H]C1=C(c2c([H])c([H])c(C([H])([H])[H])c([H])c2[H])Oc2nc([H])n([H])c(=O)c2C1([H])c1c(-c2c([H])c([H])c([H])c([H])c2[H])n([H])c2c([H])c([H])c(Cl)c([H])c12,1.0
[H]C1=C(c2c([H])c([H])c(Cl)c([H])c2[H])Oc2c(c(N([H])[H])nc(=S)n2[H])C1([H])c1c(-c2c([H])c([H])c([H])c([H])c2[H])n([H])c2c([H])c([H])c(C([H])([H])[H])c([H])c12,1.0
[H]Oc1c(C([H])([H])[H])c(C([H])([H])[H])c2c(c1C([H])([H])[H])C([H])([H])C([H])([H])[C@@](C([H])([H])[H])(C([H])([H])C([H])([H])C([H])([H])[C@]([H])(C([H])([H])[H])C([H])([H])C([H])([H])C([H])([H])[C@]([H])(C([H])([H])[H])C([H])([H])C([H])([H])C([H])([H])C([H])(C([H])([H])[H])C([H])([H])[H])O2,1.0
[H]OC(=O)C([H])(C([H])([H])[H])C([H])([H])C([H])([H])C([H])([H])C([H])(C([H])([H])[H])C([H])([H])C([H])([H])C([H])([H])C([H])(C([H])([H])[H])C([H])([H])C([H])([H])C([H])([H])[C@@]1(C([H])([H])[H])Oc2c(C([H])([H])[H])c(C([H])([H])[H])c(O[H])c(C([H])([H])[H])c2C([H])([H])C1([H])[H],1.0
[H]OC(=O)C([H])([H])C([H])([H])C1(C([H])([H])[H])Oc2c(C([H])([H])[H])c([H])c(O[H])c([H])c2C([H])([H])C1([H])[H],1.0
[H]OC(=O)C([H])([H])C([H])([H])C1(C([H])([H])[H])Oc2c(C([H])([H])[H])c(C([H])([H])[H])c(O[H])c([H])c2C([H])([H])C1([H])[H],1.0
[H]OC(=O)C([H])([H])C([H])([H])C1(C([H])([H])[H])Oc2c(C([H])([H])[H])c(C([H])([H])[H])c(O[H])c(C([H])([H])[H])c2C([H])([H])C1([H])[H],1.0
[H]C(=C(C([H])([H])[H])C([H])([H])[H])C([H])([H])C([H])([H])/C(=C(\[H])C([H])([H])C([H])([H])/C(=C(\[H])C([H])([H])C([H])([H])[C@@]1(C([H])([H])[H])Oc2c(C([H])([H])[H])c([H])c(N([H])[H])c([H])c2C([H])([H])C1([H])[H])C([H])([H])[H])C([H])([H])[H],1.0
[H]C(=C(C([H])([H])[H])C([H])([H])[H])C([H])([H])C([H])([H])/C(=C(\[H])C([H])([H])C([H])([H])/C(=C(\[H])C([H])([H])C([H])([H])[C@@]1(C([H])([H])[H])Oc2c(C([H])([H])[H])c(C([H])([H])[H])c(N([H])[H])c([H])c2C([H])([H])C1([H])[H])C([H])([H])[H])C([H])([H])[H],1.0
[H]C(=C(C([H])([H])[H])C([H])([H])[H])C([H])([H])C([H])([H])/C(=C(\[H])C([H])([H])C([H])([H])/C(=C(\[H])C([H])([H])C([H])([H])[C@@]1(C([H])([H])[H])Oc2c(C([H])([H])[H])c(C([H])([H])[H])c(N([H])[H])c(C([H])([H])[H])c2C([H])([H])C1([H])[H])C([H])([H])[H])C([H])([H])[H],1.0
[H]Oc1c([H])c(C([H])([H])[H])c2c(c1[H])C([H])([H])C([H])([H])[C@@](C([H])([H])[H])(C([H])([H])C([H])([H])/C([H])=C(\C([H])([H])[H])C([H])([H])C([H])([H])/C([H])=C(\C([H])([H])[H])C([H])([H])C([H])([H])C([H])=C(C([H])([H])[H])C([H])([H])[H])O2,1.0
[H]Oc1c([H])c2c(c(C([H])([H])[H])c1C([H])([H])[H])O[C@](C([H])([H])[H])(C([H])([H])C([H])([H])/C([H])=C(\C([H])([H])[H])C([H])([H])C([H])([H])/C([H])=C(\C([H])([H])[H])C([H])([H])C([H])([H])C([H])=C(C([H])([H])[H])C([H])([H])[H])C([H])([H])C2([H])[H],1.0
[H]Oc1c(C([H])([H])[H])c(C([H])([H])[H])c2c(c1C([H])([H])[H])C([H])([H])C([H])([H])[C@@](C([H])([H])[H])(C([H])([H])C([H])([H])/C([H])=C(\C([H])([H])[H])C([H])([H])C([H])([H])/C([H])=C(\C([H])([H])[H])C([H])([H])C([H])([H])C([H])=C(C([H])([H])[H])C([H])([H])[H])O2,1.0
[H]c1c(N([H])[H])c([H])c2c(c1C([H])([H])[H])O[C@](C([H])([H])[H])(C([H])([H])C([H])([H])C([H])([H])[C@]([H])(C([H])([H])[H])C([H])([H])C([H])([H])C([H])([H])[C@]([H])(C([H])([H])[H])C([H])([H])C([H])([H])C([H])([H])C([H])(C([H])([H])[H])C([H])([H])[H])C([H])([H])C2([H])[H],1.0
[H]c1c(N([H])[H])c(C([H])([H])[H])c(C([H])([H])[H])c2c1C([H])([H])C([H])([H])[C@@](C([H])([H])[H])(C([H])([H])C([H])([H])C([H])([H])[C@]([H])(C([H])([H])[H])C([H])([H])C([H])([H])C([H])([H])[C@]([H])(C([H])([H])[H])C([H])([H])C([H])([H])C([H])([H])C([H])(C([H])([H])[H])C([H])([H])[H])O2,1.0
[H]N([H])c1c(C([H])([H])[H])c(C([H])([H])[H])c2c(c1C([H])([H])[H])C([H])([H])C([H])([H])[C@@](C([H])([H])[H])(C([H])([H])C([H])([H])C([H])([H])[C@]([H])(C([H])([H])[H])C([H])([H])C([H])([H])C([H])([H])[C@]([H])(C([H])([H])[H])C([H])([H])C([H])([H])C([H])([H])C([H])(C([H])([H])[H])C([H])([H])[H])O2,1.0
[H]Oc1c([H])c(C([H])([H])[H])c2c(c1[H])C([H])([H])C([H])([H])[C@@](C([H])([H])[H])(C([H])([H])C([H])([H])C([H])([H])[C@]([H])(C([H])([H])[H])C([H])([H])C([H])([H])C([H])([H])[C@]([H])(C([H])([H])[H])C([H])([H])C([H])([H])C([H])([H])C([H])(C([H])([H])[H])C([H])([H])[H])O2,1.0
[H]Oc1c([H])c2c(c(C([H])([H])[H])c1C([H])([H])[H])O[C@](C([H])([H])[H])(C([H])([H])C([H])([H])C([H])([H])[C@]([H])(C([H])([H])[H])C([H])([H])C([H])([H])C([H])([H])[C@]([H])(C([H])([H])[H])C([H])([H])C([H])([H])C([H])([H])C([H])(C([H])([H])[H])C([H])([H])[H])C([H])([H])C2([H])[H],1.0
[H]OC(=O)/C([H])=C(\[H])C1([H])OC(=O)C([H])=C(OC([H])([H])[H])C1([H])C([H])([H])[H],1.0
[H]OC(=O)/C([H])=C([H])/C([H])=C(\[H])C1([H])OC(=O)C([H])=C(OC([H])([H])[H])C1([H])C([H])([H])[H],1.0
[H]OC(=O)C1=C([H])/C(=C(\[H])C([H])=O)C([H])([H])[C@@]([H])(C(=O)O[H])N1[H],1.0
[H]Oc1c([H])c([H])c(-c2oc3c([H])c(O[H])c([H])c(O[H])c3c(=O)c2O[C@]2([H])O[C@]([H])(C([H])([H])O[C@]3([H])O[C@@]([H])(C([H])([H])[H])[C@]([H])(O[H])[C@@]([H])(O[H])[C@@]3([H])O[H])[C@@]([H])(O[H])[C@]([H])(O[H])[C@@]2([H])O[H])c([H])c1O[H],0.0
[H]Oc1c([H])c([H])c(C2([H])N([H])n3c(nc4c([H])c([H])c([H])c([H])c4c3=O)C2([H])[H])c([H])c1O[H],1.0
[H]Oc1c([H])c([H])c(/C([H])=C(\[H])C(=O)N([H])c2c([H])c([H])c([H])c([H])c2C(=O)OC([H])([H])[H])c([H])c1O[H],1.0
[H]/C(C(=O)C([H])([H])[H])=C(/[H])c1c([H])nc(C([H])([H])[H])c2c1C([H])([H])OC([H])(C([H])([H])C([H])([H])[H])O2,0.0
[H]/C(C(=O)C([H])([H])[H])=C(/[H])c1c([H])nc(C([H])([H])[H])c2c1C([H])([H])OC1(O2)C([H])([H])C([H])([H])C([H])([H])C([H])([H])C1([H])[H],0.0
[H]Oc1c([H])c([H])c(/C([H])=C(\[H])C(=O)C([H])([H])[H])c([H])c1OC([H])([H])[H],1.0
[H]Oc1c([H])c([H])c(/C([H])=C(\[H])C(=O)C([H])([H])C(=O)/C([H])=C(\[H])c2c([H])c([H])c(O[H])c(OC([H])([H])[H])c2[H])c([H])c1OC([H])([H])[H],1.0
[H]c1c([H])c([H])c(C(=O)N([H])N([H])c2c([H])c([H])c(Br)c([H])c2[H])c([H])c1[H],1.0
[H]c1c([H])c([H])c(C(=O)N([H])N([H])c2c([H])c([H])c([H])c([H])c2[H])c([H])c1[H],1.0
[H]c1c([H])c([H])c(C(=O)N([H])N([H])c2c([H])c([H])c(C([H])([H])[H])c([H])c2[H])c([H])c1[H],1.0
[H]c1c([H])c([H])c(C(=O)N([H])N([H])c2c([H])c([H])c(OC([H])([H])[H])c([H])c2[H])c([H])c1[H],1.0
[H]c1c([H])c([H])c2c(N([H])[H])c3c(nc2c1[H])C([H])([H])C([H])([H])C([H])([H])C3([H])[H],0.0
[H]Oc1c([H])c([H])c(C(=O)/C([H])=C(\[H])c2c([H])c([H])c3c(c2[H])C([H])=C([H])C(C([H])([H])[H])(C([H])([H])[H])O3)c(O[H])c1[H],1.0
[H]Oc1c([H])c([H])c(C(=O)/C([H])=C(\[H])c2c([H])c([H])c3c(c2[H])C([H])([H])C([H])([H])C(C([H])([H])[H])(C([H])([H])[H])O3)c(O[H])c1[H],1.0
[H]Oc1c([H])c([H])c(C(=O)/C([H])=C(\[H])c2c([H])c([H])c(O[H])c(C([H])([H])C([H])=C(C([H])([H])[H])C([H])([H])[H])c2[H])c(O[H])c1[H],1.0
[H]Oc1c([H])c([H])c(C(=O)/C([H])=C(\[H])c2c([H])c([H])c(OC([H])([H])[H])c(C([H])([H])C([H])=C(C([H])([H])[H])C([H])([H])[H])c2[H])c(O[H])c1[H],1.0
[H]Oc1c([H])c([H])c(C(=O)/C([H])=C(\[H])c2c([H])c([H])c(OC([H])([H])C([H])=C(C([H])([H])[H])C([H])([H])[H])c([H])c2[H])c(O[H])c1[H],1.0
[H]Oc1c([H])c([H])c(/C([H])=C(\[H])C(=O)c2c([H])c([H])c(O[H])c([H])c2O[H])c([H])c1[H],1.0
[H]Oc1c([H])c([H])c(C(=O)/C([H])=C(\[H])c2c([H])c([H])c(OC([H])([H])[H])c([H])c2[H])c(O[H])c1[H],1.0
[H]Oc1c([H])c([H])c2c(c1[H])OC([H])(c1c([H])c([H])c3c(c1[H])C([H])=C([H])C(C([H])([H])[H])(C([H])([H])[H])O3)C([H])([H])C2=O,1.0
[H]Oc1c([H])c([H])c2c(c1[H])OC([H])(c1c([H])c([H])c3c(c1[H])C([H])([H])C([H])([H])C(C([H])([H])[H])(C([H])([H])[H])O3)C([H])([H])C2=O,1.0
[H]Oc1c([H])c([H])c2c(c1[H])OC([H])(c1c([H])c([H])c(O[H])c(C([H])([H])C([H])=C(C([H])([H])[H])C([H])([H])[H])c1[H])C([H])([H])C2=O,1.0
[H]Oc1c([H])c([H])c2c(c1[H])OC([H])(c1c([H])c([H])c(OC([H])([H])[H])c(C([H])([H])C([H])=C(C([H])([H])[H])C([H])([H])[H])c1[H])C([H])([H])C2=O,1.0
[H]Oc1c([H])c([H])c([C@@]2([H])Oc3c([H])c(O[H])c([H])c([H])c3C(=O)C2([H])[H])c([H])c1[H],1.0
[H]Oc1c([H])c([H])c2c(c1[H])OC([H])(c1c([H])c([H])c(OC([H])([H])[H])c([H])c1[H])C([H])([H])C2=O,1.0
[H]Oc1c([H])c(O[H])c2c(c1[H])O[C@]([H])(c1c([H])c([H])c3c(c1[H])OC([H])(c1c([H])c([H])c(O[H])c(OC([H])([H])[H])c1[H])C([H])(C([H])([H])O[H])O3)[C@@]([H])(O[H])C2=O,1.0
[H]OC(=O)/C([H])=C(\[H])c1c([H])c([H])c(O[H])c(OC([H])([H])[H])c1[H],1.0
[H]Oc1c([H])c([H])c(C2([H])Oc3c([H])c([C@@]4([H])Oc5c([H])c(OC(=O)/C([H])=C(\[H])c6c([H])c([H])c([H])c([H])c6[H])c([H])c(O[H])c5C(=O)[C@]4([H])O[H])c([H])c([H])c3OC2([H])C([H])([H])O[H])c([H])c1OC([H])([H])[H],0.0
[H]Oc1c([H])c([H])c(C2([H])Oc3c([H])c([C@@]4([H])Oc5c([H])c(OC(=O)C([H])([H])C([H])([H])c6c([H])c([H])c([H])c([H])c6[H])c([H])c(O[H])c5C(=O)[C@]4([H])O[H])c([H])c([H])c3OC2([H])C([H])([H])O[H])c([H])c1OC([H])([H])[H],0.0
[H]Oc1c([H])c([H])c(C2([H])Oc3c([H])c([C@@]4([H])Oc5c([H])c(OC(=O)c6c([H])c([H])c([H])c([H])c6[H])c([H])c(O[H])c5C(=O)[C@]4([H])O[H])c([H])c([H])c3OC2([H])C([H])([H])O[H])c([H])c1OC([H])([H])[H],0.0
[H]Oc1c([H])c([H])c(/C([H])=C(\[H])C(=O)Oc2c([H])c(O[H])c3c(c2[H])O[C@]([H])(c2c([H])c([H])c4c(c2[H])OC([H])(c2c([H])c([H])c(O[H])c(OC([H])([H])[H])c2[H])C([H])(C([H])([H])O[H])O4)[C@@]([H])(O[H])C3=O)c([H])c1OC([H])([H])[H],1.0
[H]Oc1c([H])c([H])c(C([H])([H])C([H])([H])C(=O)Oc2c([H])c(O[H])c3c(c2[H])O[C@]([H])(c2c([H])c([H])c4c(c2[H])OC([H])(c2c([H])c([H])c(O[H])c(OC([H])([H])[H])c2[H])C([H])(C([H])([H])O[H])O4)[C@@]([H])(O[H])C3=O)c([H])c1OC([H])([H])[H],1.0
[H]Oc1c([H])c([H])c(C(=O)Oc2c([H])c(O[H])c3c(c2[H])O[C@]([H])(c2c([H])c([H])c4c(c2[H])OC([H])(c2c([H])c([H])c(O[H])c(OC([H])([H])[H])c2[H])C([H])(C([H])([H])O[H])O4)[C@@]([H])(O[H])C3=O)c([H])c1OC([H])([H])[H],1.0
[H]Oc1c([H])c([H])c(C2([H])Oc3c([H])c([C@@]4([H])Oc5c([H])c(OC(=O)/C([H])=C(\[H])c6c([H])c(OC([H])([H])[H])c(O[H])c(OC([H])([H])[H])c6[H])c([H])c(O[H])c5C(=O)[C@]4([H])O[H])c([H])c([H])c3OC2([H])C([H])([H])O[H])c([H])c1OC([H])([H])[H],1.0
[H]Oc1c([H])c([H])c(C2([H])Oc3c([H])c([C@@]4([H])Oc5c([H])c(OC(=O)C([H])([H])C([H])([H])c6c([H])c(OC([H])([H])[H])c(O[H])c(OC([H])([H])[H])c6[H])c([H])c(O[H])c5C(=O)[C@]4([H])O[H])c([H])c([H])c3OC2([H])C([H])([H])O[H])c([H])c1OC([H])([H])[H],1.0
[H]Oc1c([H])c([H])c(C2([H])Oc3c([H])c([C@@]4([H])Oc5c([H])c(OC(=O)c6c([H])c(OC([H])([H])[H])c(O[H])c(OC([H])([H])[H])c6[H])c([H])c(O[H])c5C(=O)[C@]4([H])O[H])c([H])c([H])c3OC2([H])C([H])([H])O[H])c([H])c1OC([H])([H])[H],1.0
[H]Oc1c([H])c([H])c(C2([H])Oc3c([H])c([C@@]4([H])Oc5c([H])c(OC(=O)/C([H])=C(\[H])c6c([H])c([H])c7c(c6[H])OC(C([H])([H])[H])(C([H])([H])[H])O7)c([H])c(O[H])c5C(=O)[C@]4([H])O[H])c([H])c([H])c3OC2([H])C([H])([H])O[H])c([H])c1OC([H])([H])[H],0.0
[H]Oc1c([H])c([H])c(C2([H])Oc3c([H])c([C@@]4([H])Oc5c([H])c(OC(=O)C([H])([H])C([H])([H])c6c([H])c([H])c7c(c6[H])OC(C([H])([H])[H])(C([H])([H])[H])O7)c([H])c(O[H])c5C(=O)[C@]4([H])O[H])c([H])c([H])c3OC2([H])C([H])([H])O[H])c([H])c1OC([H])([H])[H],0.0
[H]Oc1c([H])c([H])c(C2([H])Oc3c([H])c([C@@]4([H])Oc5c([H])c(OC(=O)c6c([H])c([H])c7c(c6[H])OC(C([H])([H])[H])(C([H])([H])[H])O7)c([H])c(O[H])c5C(=O)[C@]4([H])O[H])c([H])c([H])c3OC2([H])C([H])([H])O[H])c([H])c1OC([H])([H])[H],0.0
[H]Oc1c([H])c([H])c(/C([H])=C(\[H])C(=O)Oc2c([H])c(O[H])c3c(c2[H])O[C@]([H])(c2c([H])c([H])c4c(c2[H])O[C@]([H])(c2c([H])c([H])c(O[H])c(OC([H])([H])[H])c2[H])[C@@]([H])(C([H])([H])O[H])O4)[C@@]([H])(O[H])C3=O)c([H])c1OC([H])([H])[H],1.0
[H]Oc1c([H])c([H])c(/C([H])=C(\[H])C(=O)Oc2c([H])c(O[H])c3c(c2[H])O[C@]([H])(c2c([H])c([H])c4c(c2[H])O[C@@]([H])(c2c([H])c([H])c(O[H])c(OC([H])([H])[H])c2[H])[C@]([H])(C([H])([H])O[H])O4)[C@@]([H])(O[H])C3=O)c([H])c1OC([H])([H])[H],1.0
[H]Oc1c([H])c([H])c(C2([H])Oc3c([H])c(-c4oc5c([H])c(O[H])c([H])c(O[H])c5c(=O)c4[H])c([H])c([H])c3OC2([H])C([H])([H])O[H])c([H])c1OC([H])([H])[H],0.0
[H]Oc1c([H])c(O[H])c2c(c1[H])OC([H])(c1c([H])c([H])c3c(c1[H])OC([H])(c1c([H])c([H])c(O[H])c(OC([H])([H])[H])c1[H])C([H])(c1noc(C(=O)N([H])c4c([H])c([H])c(C(F)(F)F)c([H])c4[H])c1[H])O3)C([H])([H])C2=O,0.0
[H]Oc1c([H])c([H])c(C2([H])Oc3c([H])c(-c4oc5c([H])c(O[H])c([H])c(O[H])c5c(=O)c4[H])c([H])c([H])c3OC2([H])/C([H])=C2\C(=O)ON=C2c2c([H])c([H])c(Cl)c([H])c2[H])c([H])c1OC([H])([H])[H],0.0
[H]Oc1c([H])c(C(=O)O[C@]2([H])O[C@]3([H])C([H])([H])OC(=O)c4c([H])c(O[H])c(O[H])c(O[H])c4-c4c(O[H])c(O[H])c(O[H])c([H])c4C(=O)O[C@]([H])([C@@]2([H])O[H])[C@]3([H])O[H])c([H])c(O[H])c1O[H],1.0
[H]Oc1c([H])c(C(=O)OC([H])([H])[C@@]2([H])O[C@@]([H])(OC(=O)c3c([H])c(O[H])c(O[H])c(O[H])c3[H])[C@]([H])(O[H])[C@@]([H])(OC(=O)c3c([H])c(O[H])c(O[H])c(O[H])c3[H])[C@]2([H])O[H])c([H])c(O[H])c1O[H],1.0
[H]c1c([H])c([H])c(C(=O)N([H])C(=S)N([H])c2c([H])c([H])c(S(=O)(=O)N([H])[H])c([H])c2[H])c([H])c1[H],0.0
[H]c1c([H])c([H])c(C([H])([H])[H])c(C(=O)N([H])C(=S)N([H])c2c([H])c([H])c(S(=O)(=O)N([H])[H])c([H])c2[H])c1[H],0.0
[H]c1c([H])c(C(=O)N([H])C(=S)N([H])c2c([H])c([H])c(S(=O)(=O)N([H])[H])c([H])c2[H])c([H])c(C([H])([H])[H])c1[H],0.0
[H]c1c([H])c(C([H])([H])[H])c([H])c([H])c1C(=O)N([H])C(=S)N([H])c1c([H])c([H])c(S(=O)(=O)N([H])[H])c([H])c1[H],0.0
[H]c1c([H])c(C(=O)N([H])C(=S)N([H])c2c([H])c([H])c(S(=O)(=O)N([H])[H])c([H])c2[H])c([H])c([H])c1OC([H])([H])[H],0.0
[H]c1c([H])c(F)c([H])c(C(=O)N([H])C(=S)N([H])c2c([H])c([H])c(S(=O)(=O)N([H])[H])c([H])c2[H])c1[H],0.0
[H]c1c(F)c(F)c(F)c(F)c1C(=O)N([H])C(=S)N([H])c1c([H])c([H])c(S(=O)(=O)N([H])[H])c([H])c1[H],0.0
[H]c1c([H])c([H])c(C(=O)N([H])C(=S)N([H])c2c([H])c([H])c(S(=O)(=O)N([H])[H])c([H])c2[H])c(Cl)c1[H],0.0
[H]c1c([H])c(Cl)c([H])c(C(=O)N([H])C(=S)N([H])c2c([H])c([H])c(S(=O)(=O)N([H])[H])c([H])c2[H])c1[H],0.0
[H]c1c([H])c(C(=O)N([H])C(=S)N([H])c2c([H])c([H])c(S(=O)(=O)N([H])[H])c([H])c2[H])c([H])c([H])c1Cl,0.0
[H]c1c([H])c(C(=O)N([H])C(=S)N([H])c2c([H])c([H])c(S(=O)(=O)N([H])[H])c([H])c2[H])c(Cl)c([H])c1Cl,0.0
[H]c1c([H])c(S(=O)(=O)N([H])[H])c([H])c([H])c1N([H])C(=S)N([H])C(=O)c1c([H])c([H])c2c([H])c([H])c([H])c([H])c2c1[H],0.0
[H]C1=C([H])C(C([H])([H])[H])(C([H])([H])/C([H])=C(\C([H])([H])[H])C([H])([H])C([H])([H])C([H])=C(C([H])([H])[H])C([H])([H])[H])Oc2c(C([H])([H])[H])c([H])c3c4c([H])c([H])c(OC([H])([H])[H])c(-c5c(OC([H])([H])[H])c([H])c6c(c5[H])c5c([H])c(C([H])([H])[H])c7c(c5n6C([H])([H])[H])C([H])=C([H])C(C([H])([H])[H])(C([H])([H])/C([H])=C(\C([H])([H])[H])C([H])([H])C([H])([H])C([H])=C(C([H])([H])[H])C([H])([H])[H])O7)c4n([H])c3c21,0.0
[H]Oc1c(-c2c(OC([H])([H])[H])c([H])c([H])c3c4c([H])c(C([H])([H])[H])c5c(c4n([H])c23)C([H])=C([H])C(C([H])([H])[H])(C([H])([H])/C([H])=C(\C([H])([H])[H])C([H])([H])C([H])([H])C([H])=C(C([H])([H])[H])C([H])([H])[H])O5)c([H])c([H])c2c1c1c([H])c(C([H])([H])[H])c3c(c1n2[H])C([H])=C([H])C(C([H])([H])[H])(C([H])([H])/C([H])=C(\C([H])([H])[H])C([H])([H])C([H])([H])C([H])=C(C([H])([H])[H])C([H])([H])[H])O3,0.0
[H]Oc1c([H])c([H])c2c(c1-c1c(OC([H])([H])[H])c([H])c([H])c3c4c([H])c(C([H])([H])[H])c5c(c4n([H])c13)C([H])=C([H])C(C([H])([H])[H])(C([H])([H])/C([H])=C(\C([H])([H])[H])C([H])([H])C([H])([H])C([H])=C(C([H])([H])[H])C([H])([H])[H])O5)c1c([H])c(C([H])([H])[H])c3c(c1n2[H])C([H])=C([H])C(C([H])([H])[H])(C([H])([H])/C([H])=C(\C([H])([H])[H])C([H])([H])C([H])([H])C([H])=C(C([H])([H])[H])C([H])([H])[H])O3,0.0
[H]C([H])=C([H])C([H])([H])Oc1c([H])c([H])c(-c2oc3c(C([H])([H])C([H])=C([H])[H])c([H])c([H])c([H])c3c(=O)c2[H])c([H])c1OC([H])([H])[H],1.0
[H]C([H])=C([H])C([H])([H])Oc1c(OC([H])([H])[H])c([H])c([H])c([H])c1-c1oc2c(C([H])([H])C([H])=C([H])[H])c([H])c([H])c([H])c2c(=O)c1[H],1.0
[H]Oc1c(C(=O)/C([H])=C(\[H])c2c([H])c([H])c(OC([H])([H])C([H])=C([H])[H])c(OC([H])([H])[H])c2[H])c([H])c([H])c([H])c1C([H])([H])C([H])=C([H])[H],1.0
[H]Oc1c(C(=O)/C([H])=C(\[H])c2c([H])c([H])c([H])c(OC([H])([H])[H])c2OC([H])([H])C([H])=C([H])[H])c([H])c([H])c([H])c1C([H])([H])C([H])=C([H])[H],1.0
[H]c1sc(N([H])N=C(C([H])([H])[H])C([H])([H])[H])nc1-c1c([H])c([H])c([H])c([N+](=O)[O-])c1[H],0.0
[H]c1sc(N([H])/N=C(/C([H])([H])[H])C([H])([H])C([H])([H])[H])nc1-c1c([H])c([H])c([H])c([N+](=O)[O-])c1[H],0.0
[H]c1sc(N([H])/N=C(/C([H])([H])[H])C([H])([H])C([H])([H])C([H])([H])[H])nc1-c1c([H])c([H])c([H])c([N+](=O)[O-])c1[H],0.0
[H]c1sc(N([H])N=C(C([H])([H])C([H])([H])[H])C([H])([H])C([H])([H])[H])nc1-c1c([H])c([H])c([H])c([N+](=O)[O-])c1[H],0.0
[H]c1sc(N([H])/N=C(/C([H])([H])[H])C([H])([H])C([H])(C([H])([H])[H])C([H])([H])[H])nc1-c1c([H])c([H])c([H])c([N+](=O)[O-])c1[H],0.0
[H]C([H])=C([H])C([H])([H])C([H])([H])/C(=N\N([H])c1nc(-c2c([H])c([H])c([H])c([N+](=O)[O-])c2[H])c([H])s1)C([H])([H])[H],0.0
[H]c1sc(N([H])/N=C(/C([H])([H])[H])C([H])([H])C([H])([H])C([H])([H])C([H])([H])[H])nc1-c1c([H])c([H])c([H])c([N+](=O)[O-])c1[H],0.0
[H]c1sc(N([H])/N=C(/C([H])([H])C([H])([H])[H])C([H])([H])C([H])([H])C([H])([H])[H])nc1-c1c([H])c([H])c([H])c([N+](=O)[O-])c1[H],0.0
[H]c1sc(N([H])/N=C(/C([H])([H])C([H])([H])[H])C([H])([H])C([H])([H])C([H])([H])C([H])([H])C([H])([H])[H])nc1-c1c([H])c([H])c([H])c([N+](=O)[O-])c1[H],0.0
[H]c1sc(N([H])/N=C(/C([H])([H])C([H])([H])[H])C([H])([H])C([H])([H])C([H])([H])C([H])([H])[H])nc1-c1c([H])c([H])c([H])c([N+](=O)[O-])c1[H],0.0
[H]c1sc(N([H])/N=C(/C([H])([H])[H])C([H])([H])C([H])([H])C([H])([H])C([H])([H])C([H])([H])C([H])([H])[H])nc1-c1c([H])c([H])c([H])c([N+](=O)[O-])c1[H],0.0
[H]c1sc(N([H])N=C2C([H])([H])C([H])([H])C([H])([H])C2([H])[H])nc1-c1c([H])c([H])c([H])c([N+](=O)[O-])c1[H],0.0
[H]c1sc(N([H])N=C2C([H])([H])C([H])([H])C([H])([H])C([H])([H])C2([H])[H])nc1-c1c([H])c([H])c([H])c([N+](=O)[O-])c1[H],0.0
[H]c1sc(N([H])N=C2C([H])([H])C([H])([H])C([H])(C([H])([H])[H])C([H])([H])C2([H])[H])nc1-c1c([H])c([H])c([H])c([N+](=O)[O-])c1[H],0.0
[H]c1sc(N([H])N=C2C([H])([H])C([H])([H])C([H])([H])C([H])([H])C([H])([H])C2([H])[H])nc1-c1c([H])c([H])c([H])c([N+](=O)[O-])c1[H],0.0
[H]c1sc(N([H])N=C2C([H])([H])C([H])([H])C([H])([H])C([H])([H])C([H])([H])C([H])([H])C2([H])[H])nc1-c1c([H])c([H])c([H])c([N+](=O)[O-])c1[H],0.0
[H]c1sc(N([H])/N=C(/C([H])([H])[H])C2([H])C([H])([H])C2([H])[H])nc1-c1c([H])c([H])c([H])c([N+](=O)[O-])c1[H],0.0
[H]c1sc(N([H])/N=C(/C([H])([H])[H])C2([H])C([H])([H])C([H])([H])C([H])([H])C([H])([H])C2([H])[H])nc1-c1c([H])c([H])c([H])c([N+](=O)[O-])c1[H],0.0
[H]c1sc(/C(=N\N=C2/SC([H])([H])C(=O)N2C([H])([H])c2c([H])c([H])c([H])c([H])c2[N+](=O)[O-])C([H])([H])[H])c([H])c1[H],0.0
[H]c1c([H])c([N+](=O)[O-])c([H])c(C([H])([H])N2C(=O)C([H])([H])S/C2=N\N=C(C([H])([H])[H])C([H])([H])[H])c1[H],0.0
[H]c1c([H])c([H])c(C([H])([H])N2C(=O)C([H])([H])S/C2=N\N=C2C([H])([H])C([H])([H])C([H])([H])C2([H])[H])c(F)c1[H],0.0
[H]c1sc(/C(=N/N=C2\SC([H])([H])C(=O)N2C([H])([H])c2c([H])c([H])c([H])c([H])c2F)C([H])([H])[H])c([H])c1[H],0.0
[H]c1sc(/C(=N/N=C2\SC([H])([H])C(=O)N2C([H])([H])c2c([H])c([H])c([H])c(F)c2[H])C([H])([H])[H])c([H])c1[H],0.0
[H]c1sc(/C(=N\N=C2/SC([H])([H])C(=O)N2C([H])([H])c2c([H])c([H])c(F)c([H])c2[H])C([H])([H])[H])c([H])c1[H],0.0
[H]c1nc(/C(=N\N=C2/SC([H])([H])C(=O)N2C([H])([H])c2c([H])c([H])c(F)c([H])c2[H])C([H])([H])[H])c([H])c([H])c1[H],0.0
[H]c1sc(/C(=N/N=C2\SC([H])([H])C(=O)N2C([H])([H])c2c([H])c([H])c([H])c(Cl)c2[H])C([H])([H])[H])c([H])c1[H],0.0
[H]c1nc(/C(=N/N=C2\SC([H])([H])C(=O)N2C([H])([H])c2c([H])c([H])c([H])c(Cl)c2[H])C([H])([H])[H])c([H])c([H])c1[H],0.0
[H]c1c([H])c(C([H])([H])N2C(=O)C([H])([H])S/C2=N\N=C2C([H])([H])C([H])([H])C([H])([H])C2([H])[H])c([H])c([H])c1Cl,0.0
[H]c1c([H])c(C([H])([H])N2C(=O)C([H])([H])S/C2=N\N=C(C([H])([H])[H])C([H])([H])[H])c([H])c([H])c1N([H])[H],0.0
[H]c1c2c(nc3c1-c1c(c(=O)n([H])c(=S)n1[H])C([H])(c1c([H])c([H])c([N+](=O)[O-])c([H])c1[H])N3[H])N([H])C([H])(c1c([H])c([H])c([N+](=O)[O-])c([H])c1[H])c1c-2n([H])c(=S)n([H])c1=O,1.0
[H]c1c([H])c([N+](=O)[O-])c([H])c(C2([H])c3c(n([H])c(=S)n([H])c3=O)-c3c(nc4c(c3[H])-c3c(c(=O)n([H])c(=S)n3[H])C([H])(c3c([H])c([H])c([H])c([N+](=O)[O-])c3[H])N4[H])N2[H])c1[H],0.0
[H]c1c([H])c([H])c(C2([H])c3c(n([H])c(=S)n([H])c3=O)-c3c(nc4c(c3[H])-c3c(c(=O)n([H])c(=S)n3[H])C([H])(c3c([H])c([H])c([H])c([H])c3[N+](=O)[O-])N4[H])N2[H])c([N+](=O)[O-])c1[H],1.0
[H]c1c([H])c(C2([H])c3c(n([H])c(=S)n([H])c3=O)-c3c(nc4c(c3[H])-c3c(c(=O)n([H])c(=S)n3[H])C([H])(c3c([H])c([H])c(Cl)c([H])c3[H])N4[H])N2[H])c([H])c([H])c1Cl,1.0
[H]c1c([H])c([H])c(C2([H])c3c(n([H])c(=S)n([H])c3=O)-c3c(nc4c(c3[H])-c3c(c(=O)n([H])c(=S)n3[H])C([H])(c3c([H])c([H])c([H])c([H])c3Cl)N4[H])N2[H])c(Cl)c1[H],1.0
[H]c1c([H])c([H])c(C2([H])c3c(n([H])c(=S)n([H])c3=O)-c3c(nc4c(c3[H])-c3c(c(=O)n([H])c(=S)n3[H])C([H])(c3c([H])c([H])c([H])c([H])c3[H])N4[H])N2[H])c([H])c1[H],0.0
[H]c1c2c(nc3c1-c1c(c(=O)n([H])c(=O)n1[H])C([H])(c1c([H])c([H])c([N+](=O)[O-])c([H])c1[H])N3[H])N([H])C([H])(c1c([H])c([H])c([N+](=O)[O-])c([H])c1[H])c1c-2n([H])c(=O)n([H])c1=O,1.0
[H]c1c([H])c([N+](=O)[O-])c([H])c(C2([H])c3c(n([H])c(=O)n([H])c3=O)-c3c(nc4c(c3[H])-c3c(c(=O)n([H])c(=O)n3[H])C([H])(c3c([H])c([H])c([H])c([N+](=O)[O-])c3[H])N4[H])N2[H])c1[H],0.0
[H]c1c([H])c([H])c(C2([H])c3c(n([H])c(=O)n([H])c3=O)-c3c(nc4c(c3[H])-c3c(c(=O)n([H])c(=O)n3[H])C([H])(c3c([H])c([H])c([H])c([H])c3[N+](=O)[O-])N4[H])N2[H])c([N+](=O)[O-])c1[H],0.0
[H]c1c([H])c(C2([H])c3c(n([H])c(=O)n([H])c3=O)-c3c(nc4c(c3[H])-c3c(c(=O)n([H])c(=O)n3[H])C([H])(c3c([H])c([H])c(Cl)c([H])c3[H])N4[H])N2[H])c([H])c([H])c1Cl,1.0
[H]c1c([H])c([H])c(C2([H])c3c(n([H])c(=O)n([H])c3=O)-c3c(nc4c(c3[H])-c3c(c(=O)n([H])c(=O)n3[H])C([H])(c3c([H])c([H])c([H])c([H])c3Cl)N4[H])N2[H])c(Cl)c1[H],1.0
[H]c1c([H])c([H])c(C2([H])c3c(n([H])c(=O)n([H])c3=O)-c3c(nc4c(c3[H])-c3c(c(=O)n([H])c(=O)n3[H])C([H])(c3c([H])c([H])c([H])c([H])c3[H])N4[H])N2[H])c([H])c1[H],0.0
[H]c1c2c(c([H])c3c1N([H])C([H])(c1c([H])c([H])c([N+](=O)[O-])c([H])c1[H])c1c-3n([H])c(=S)n([H])c1=O)N([H])C([H])(c1c([H])c([H])c([N+](=O)[O-])c([H])c1[H])c1c-2n([H])c(=S)n([H])c1=O,1.0
[H]c1c([H])c([N+](=O)[O-])c([H])c(C2([H])c3c(n([H])c(=S)n([H])c3=O)-c3c([H])c4c(c([H])c3N2[H])-c2c(c(=O)n([H])c(=S)n2[H])C([H])(c2c([H])c([H])c([H])c([N+](=O)[O-])c2[H])N4[H])c1[H],0.0
[H]c1c([H])c([H])c(C2([H])c3c(n([H])c(=S)n([H])c3=O)-c3c([H])c4c(c([H])c3N2[H])-c2c(c(=O)n([H])c(=S)n2[H])C([H])(c2c([H])c([H])c([H])c([H])c2[N+](=O)[O-])N4[H])c([N+](=O)[O-])c1[H],1.0
[H]c1c([H])c(C2([H])c3c(n([H])c(=S)n([H])c3=O)-c3c([H])c4c(c([H])c3N2[H])-c2c(c(=O)n([H])c(=S)n2[H])C([H])(c2c([H])c([H])c(Cl)c([H])c2[H])N4[H])c([H])c([H])c1Cl,1.0
[H]c1c([H])c([H])c(C2([H])c3c(n([H])c(=S)n([H])c3=O)-c3c([H])c4c(c([H])c3N2[H])-c2c(c(=O)n([H])c(=S)n2[H])C([H])(c2c([H])c([H])c([H])c([H])c2Cl)N4[H])c(Cl)c1[H],1.0
[H]c1c([H])c([H])c(C2([H])c3c(n([H])c(=S)n([H])c3=O)-c3c([H])c4c(c([H])c3N2[H])-c2c(c(=O)n([H])c(=S)n2[H])C([H])(c2c([H])c([H])c([H])c([H])c2[H])N4[H])c([H])c1[H],0.0
[H]c1c2c(c([H])c3c1N([H])C([H])(c1c([H])c([H])c([N+](=O)[O-])c([H])c1[H])c1c-3n([H])c(=O)n([H])c1=O)N([H])C([H])(c1c([H])c([H])c([N+](=O)[O-])c([H])c1[H])c1c-2n([H])c(=O)n([H])c1=O,1.0
[H]c1c([H])c([N+](=O)[O-])c([H])c(C2([H])c3c(n([H])c(=O)n([H])c3=O)-c3c([H])c4c(c([H])c3N2[H])-c2c(c(=O)n([H])c(=O)n2[H])C([H])(c2c([H])c([H])c([H])c([N+](=O)[O-])c2[H])N4[H])c1[H],0.0
[H]c1c([H])c([H])c(C2([H])c3c(n([H])c(=O)n([H])c3=O)-c3c([H])c4c(c([H])c3N2[H])-c2c(c(=O)n([H])c(=O)n2[H])C([H])(c2c([H])c([H])c([H])c([H])c2[N+](=O)[O-])N4[H])c([N+](=O)[O-])c1[H],1.0
[H]c1c([H])c(C2([H])c3c(n([H])c(=O)n([H])c3=O)-c3c([H])c4c(c([H])c3N2[H])-c2c(c(=O)n([H])c(=O)n2[H])C([H])(c2c([H])c([H])c(Cl)c([H])c2[H])N4[H])c([H])c([H])c1Cl,1.0
[H]c1c([H])c([H])c(C2([H])c3c(n([H])c(=O)n([H])c3=O)-c3c([H])c4c(c([H])c3N2[H])-c2c(c(=O)n([H])c(=O)n2[H])C([H])(c2c([H])c([H])c([H])c([H])c2Cl)N4[H])c(Cl)c1[H],1.0
[H]c1c([H])c([H])c(C2([H])c3c(n([H])c(=O)n([H])c3=O)-c3c([H])c4c(c([H])c3N2[H])-c2c(c(=O)n([H])c(=O)n2[H])C([H])(c2c([H])c([H])c([H])c([H])c2[H])N4[H])c([H])c1[H],0.0
[H]OC(C([H])([H])[H])(C([H])([H])[H])C([H])([H])C([H])([H])[C@]([H])(O[C@@]1(OC([H])([H])[H])C([H])([H])OC([H])([H])[C@@]([H])(O[H])[C@@]([H])(O[H])[C@@]1([H])O[H])[C@@](O[H])(C([H])([H])[H])[C@@]1([H])C([H])([H])C([H])([H])[C@@]2(O[H])C3=C([H])C(=O)[C@]4([H])C([H])([H])[C@@]([H])(O[H])[C@@]([H])(O[H])C([H])([H])[C@]4(C([H])([H])[H])[C@@]3([H])C([H])([H])C([H])([H])[C@]12C([H])([H])[H],0.0
[H]OC(C([H])([H])[H])(C([H])([H])[H])C([H])([H])C([H])([H])[C@@]([H])(O[H])[C@@](O[H])(C([H])([H])[H])[C@@]1([H])C([H])([H])C([H])([H])[C@@]2(O[H])C3=C([H])C(=O)[C@]4([H])C([H])([H])[C@@]([H])(O[H])[C@@]([H])(O[H])C([H])([H])[C@]4(C([H])([H])[H])[C@@]3([H])C([H])([H])C([H])([H])[C@]12C([H])([H])[H],0.0
[H]Oc1c([H])c([H])c2c(c1[H])OC([H])([H])[C@@]1([H])c3c([H])c([H])c(OC([H])([H])[H])c([H])c3O[C@@]21[H],0.0
[H]OC(=O)C([H])([H])C(=O)OC([H])([H])[C@@]1([H])O[C@@]([H])(Oc2c([H])c([H])c3c(c2[H])OC([H])([H])C2([H])c4c([H])c5c(c([H])c4OC32[H])OC([H])([H])O5)[C@]([H])(O[H])[C@@]([H])(O[H])[C@]1([H])O[H],0.0
[H]OC([H])([H])[C@@]1([H])O[C@@]([H])(Oc2c([H])c([H])c3c(c2[H])OC([H])([H])C2([H])c4c([H])c5c(c([H])c4OC32[H])OC([H])([H])O5)[C@]([H])(O[H])[C@@]([H])(O[H])[C@]1([H])O[H],0.0
[H]Oc1c([H])c([H])c(C([H])([H])C2([H])OC(=O)C([H])=C2c2c([H])c([H])c(O[H])c([H])c2O[H])c([H])c1[H],0.0
[H]Oc1c([H])c([H])c(C([H])([H])C2([H])OC(=O)C([H])=C2c2c([H])c([H])c(OC([H])([H])[H])c([H])c2O[C@]2([H])O[C@]([H])(C([H])([H])O[H])[C@@]([H])(O[H])[C@]([H])(O[H])[C@@]2([H])O[H])c([H])c1[H],0.0
[H]Oc1c([H])c([H])c(C([H])([H])C2([H])OC(=O)C([H])=C2c2c([H])c([H])c(O[H])c([H])c2O[C@]2([H])O[C@]([H])(C([H])([H])O[H])[C@@]([H])(O[H])[C@]([H])(O[H])[C@@]2([H])O[H])c([H])c1[H],0.0
[H]Oc1c([H])c([H])c2c(=O)c(-c3c([H])c([H])c(OC([H])([H])[H])c([H])c3[H])c([H])oc2c1[H],0.0
[H]OC([H])([H])[C@@]1([H])O[C@@]([H])(Oc2c([H])c([H])c3c(=O)c(-c4c([H])c([H])c(OC([H])([H])[H])c([H])c4[H])c([H])oc3c2[H])[C@]([H])(O[H])[C@@]([H])(O[H])[C@]1([H])O[H],0.0
[H]Oc1c([H])c([H])c(C(=O)/C([H])=C(\[H])c2c([H])c([H])c(OC([H])([H])[H])c(OC([H])([H])[H])c2[H])c(O[H])c1[H],0.0
[H]Oc1c([H])c([H])c2c(c1[H])O/C(=C(/[H])c1c([H])c([H])c(OC([H])([H])[H])c(OC([H])([H])[H])c1[H])C2=O,0.0
[H]Oc1c([H])c([H])c2c(c1[H])C(=O)/C(=C(\[H])c1c([H])c([H])c(N(C([H])([H])[H])C([H])([H])[H])c([H])c1[H])O2,0.0
[H]Oc1c([H])c([H])c(O[H])c(C(=O)/C([H])=C(\[H])c2c([H])c([H])c(N(C([H])([H])[H])C([H])([H])[H])c([H])c2[H])c1[H],0.0
[H]Oc1c([H])c([H])c2c(c1[H])C(=O)/C(=C(\[H])c1c([H])c([H])c(OC([H])([H])[H])c(OC([H])([H])[H])c1[H])O2,0.0
[H]Oc1c([H])c([H])c(C(=O)/C([H])=C(\[H])c2c([H])c([H])c(Cl)c([H])c2[H])c(O[H])c1[H],0.0
[H]Oc1c([H])c([H])c2c(c1[H])O/C(=C(/[H])c1c([H])c([H])c(Cl)c([H])c1[H])C2=O,0.0
[H]Oc1c([H])c([H])c2c(c1[H])O/C(=C(/[H])c1c([H])c([H])c(N(C([H])([H])[H])C([H])([H])[H])c([H])c1[H])C2=O,0.0
[H]Oc1c([H])c([H])c(C(=O)/C([H])=C(\[H])c2c([H])c([H])c(N(C([H])([H])[H])C([H])([H])[H])c([H])c2[H])c(O[H])c1[H],0.0
[H]Oc1c([H])c([H])c(O[H])c(C(=O)/C([H])=C(\[H])c2c([H])c([H])c(OC([H])([H])[H])c(OC([H])([H])[H])c2[H])c1[H],0.0
